Name, Age, City, Occupation
John Doe, 30, New York, Engineer
Jane Smith, 25, Los Angeles, Teacher
Sam Johnson, 35, Chicago, Doctor
Emily Brown, 28, San Francisco, Lawyer
Michael Lee, 40, Houston, Architect
Sarah Wilson, 33, Miami, Accountant
David Roberts, 29, Seattle, Programmer
Linda Davis, 31, Boston, Nurse
Chris Anderson, 27, Denver, Artist
Rachel White, 32, Atlanta, Marketing Manager
Alex Thompson, 26, Dallas, Sales Representative
Emma Taylor, 34, Philadelphia, Chef
Mark Wilson, 39, Phoenix, Writer
Laura Garcia, 36, San Diego, Entrepreneur
Kevin Miller, 29, Austin, Graphic Designer
Julia Clark, 30, Portland, Scientist
Eric Johnson, 38, Las Vegas, Pilot
Olivia Martinez, 31, Charlotte, Psychologist
Daniel Brown, 27, Nashville, Musician
Megan Adams, 35, Minneapolis, Consultant